[{"@type":"mappingTemplate","id":"@1","name":"Mapping_RESTV2","description":"","bundleVersion":"0","templateId":"@3","hasParameters":false,"valid":true,"fixedConnection":true,"hasParametersDeployed":false,"fixedConnectionDeployed":false,"isSchemaValidationEnabled":false,"tasks":0,"mappingPreviewFileRecordId":"@2","documentType":"MAPPING","references":[{"@type":"reference","refObjectId":"@bGZ6LnV0WS8kBH9cPCZ4iQ","refType":"connection"},{"@type":"reference","refObjectId":"@2RX6KBwR8IJlQXVxCNnlUd","refType":"connection"}]}]